<?xml version="1.0" encoding="UTF-8"?>
<project-private xmlns="http://www.netbeans.org/ns/project-private/1">
    <editor-bookmarks xmlns="http://www.netbeans.org/ns/editor-bookmarks/2" lastBookmarkId="0"/>
    <open-files xmlns="http://www.netbeans.org/ns/projectui-open-files/2">
        <group>
            <file>file:/home/giovanni/NetBeansProjects/GerenciamentoMarcenaria/src/java/model/Item.java</file>
            <file>file:/home/giovanni/NetBeansProjects/GerenciamentoMarcenaria/src/java/dao/FinanceiroDAO.java</file>
            <file>file:/home/giovanni/NetBeansProjects/GerenciamentoMarcenaria/src/java/controller/ControleDeAcesso.java</file>
            <file>file:/home/giovanni/NetBeansProjects/GerenciamentoMarcenaria/src/java/util/FacesUtil.java</file>
            <file>file:/home/giovanni/NetBeansProjects/GerenciamentoMarcenaria/src/java/controller/FinanceiroController.java</file>
            <file>file:/home/giovanni/NetBeansProjects/GerenciamentoMarcenaria/web/cadastro.xhtml</file>
            <file>file:/home/giovanni/NetBeansProjects/GerenciamentoMarcenaria/src/java/dao/CrudDAO.java</file>
            <file>file:/home/giovanni/NetBeansProjects/GerenciamentoMarcenaria/web/financeiro.xhtml</file>
            <file>file:/home/giovanni/NetBeansProjects/GerenciamentoMarcenaria/web/template.xhtml</file>
            <file>file:/home/giovanni/NetBeansProjects/GerenciamentoMarcenaria/src/java/dao/OrcamentoDAO.java</file>
            <file>file:/home/giovanni/NetBeansProjects/GerenciamentoMarcenaria/src/java/controller/AutenticadorBean.java</file>
            <file>file:/home/giovanni/NetBeansProjects/GerenciamentoMarcenaria/src/java/util/SessionUtil.java</file>
            <file>file:/home/giovanni/NetBeansProjects/GerenciamentoMarcenaria/web/resources/smtoolbar/toolbarCrud.xhtml</file>
            <file>file:/home/giovanni/NetBeansProjects/GerenciamentoMarcenaria/src/java/controller/CrudBean.java</file>
            <file>file:/home/giovanni/NetBeansProjects/GerenciamentoMarcenaria/web/orçamentos.xhtml</file>
            <file>file:/home/giovanni/NetBeansProjects/GerenciamentoMarcenaria/src/java/model/Financeiro.java</file>
            <file>file:/home/giovanni/NetBeansProjects/GerenciamentoMarcenaria/web/login.xhtml</file>
        </group>
    </open-files>
</project-private>
