<?xml version="1.0" encoding="UTF-8"?>
<project-private xmlns="http://www.netbeans.org/ns/project-private/1">
    <editor-bookmarks xmlns="http://www.netbeans.org/ns/editor-bookmarks/2" lastBookmarkId="0"/>
    <open-files xmlns="http://www.netbeans.org/ns/projectui-open-files/2">
        <group>
            <file>file:/home/giovanni/NetBeansProjects/GerenciamentoMarcenaria/src/java/model/Item.java</file>
            <file>file:/home/giovanni/NetBeansProjects/GerenciamentoMarcenaria/web/controle-de-estoque.xhtml</file>
            <file>file:/home/giovanni/NetBeansProjects/GerenciamentoMarcenaria/src/java/dao/UsuarioDAO.java</file>
            <file>file:/home/giovanni/NetBeansProjects/GerenciamentoMarcenaria/src/java/controller/ItemBean.java</file>
            <file>file:/home/giovanni/NetBeansProjects/GerenciamentoMarcenaria/web/WEB-INF/web.xml</file>
            <file>file:/home/giovanni/NetBeansProjects/GerenciamentoMarcenaria/src/java/dao/ItemDAO.java</file>
            <file>file:/home/giovanni/NetBeansProjects/GerenciamentoMarcenaria/src/java/dao/CrudDAO.java</file>
            <file>file:/home/giovanni/NetBeansProjects/GerenciamentoMarcenaria/web/financeiro.xhtml</file>
            <file>file:/home/giovanni/NetBeansProjects/GerenciamentoMarcenaria/src/java/controller/UsuarioBean.java</file>
            <file>file:/home/giovanni/NetBeansProjects/GerenciamentoMarcenaria/src/java/util/exception/ErroSistema.java</file>
            <file>file:/home/giovanni/NetBeansProjects/GerenciamentoMarcenaria/src/java/model/Orcamento.java</file>
            <file>file:/home/giovanni/NetBeansProjects/GerenciamentoMarcenaria/web/template.xhtml</file>
            <file>file:/home/giovanni/NetBeansProjects/GerenciamentoMarcenaria/src/java/model/Usuario.java</file>
            <file>file:/home/giovanni/NetBeansProjects/GerenciamentoMarcenaria/src/java/dao/OrcamentoDAO.java</file>
            <file>file:/home/giovanni/NetBeansProjects/GerenciamentoMarcenaria/web/index.xhtml</file>
            <file>file:/home/giovanni/NetBeansProjects/GerenciamentoMarcenaria/web/WEB-INF/glassfish-web.xml</file>
            <file>file:/home/giovanni/NetBeansProjects/GerenciamentoMarcenaria/web/resources/smtoolbar/toolbarCrud.xhtml</file>
            <file>file:/home/giovanni/NetBeansProjects/GerenciamentoMarcenaria/src/java/controller/CrudBean.java</file>
            <file>file:/home/giovanni/NetBeansProjects/GerenciamentoMarcenaria/web/orçamentos.xhtml</file>
            <file>file:/home/giovanni/NetBeansProjects/GerenciamentoMarcenaria/src/java/controller/OrcamentoBean.java</file>
        </group>
    </open-files>
</project-private>
